<?xml version="1.0" encoding="utf-8"?>
<?xml-stylesheet type='text/xsl' href='ConversionLogFile.xsl'?>
<LogFile projectName="HuaRun_9mw_V15" typeText="Type" messageText="Message" timeText="Time">
  <MessageCell ServiceId="80" MessageId="30" MessageClass="Information" Timestamp="5/10/2019 9:31:00 AM">
    <Number ServiceNumber="80" MessageNumber="30" />
    <Text FeedbackText="Upgrade started" />
    <Help HelpId="-1" />
  </MessageCell>
  <MessageCell ServiceId="80" MessageId="30" MessageClass="Information" Timestamp="5/10/2019 9:31:00 AM">
    <Number ServiceNumber="80" MessageNumber="30" />
    <Text FeedbackText="Reading information from previous project/library." />
    <Help HelpId="-1" />
  </MessageCell>
  <MessageCell ServiceId="80" MessageId="30" MessageClass="Information" Timestamp="5/10/2019 9:31:01 AM">
    <Number ServiceNumber="80" MessageNumber="30" />
    <Text FeedbackText="Importing data into the new project/library." />
    <Help HelpId="-1" />
  </MessageCell>
  <MessageCell ServiceId="80" MessageId="30" MessageClass="Information" Timestamp="5/10/2019 9:31:12 AM">
    <Number ServiceNumber="80" MessageNumber="30" />
    <Text FeedbackText="Updating new project/library." />
    <Help HelpId="-1" />
  </MessageCell>
  <MessageCell ServiceId="80" MessageId="30" MessageClass="Information" Timestamp="5/10/2019 9:31:16 AM">
    <Number ServiceNumber="80" MessageNumber="30" />
    <Text FeedbackText="Updating new project/library." />
    <Help HelpId="-1" />
  </MessageCell>
  <Details ServiceId="80" MessageId="30" Timestamp="5/10/2019 9:31:21 AM" Debug="false">
    <Text>HmiConvert: Started conversion section.</Text>
  </Details>
  <Details ServiceId="80" MessageId="30" Timestamp="5/10/2019 9:31:21 AM" Debug="false">
    <Text>HmiConvert: Starting conversion step &lt;Siemens.Simatic.Hmi.Device.DeviceManagers.Scan:Siemens.Simatic.Hmi.Utah.Device.Upgrade.DeviceConverter.ConvertHmiDeviceToV15&gt;.</Text>
  </Details>
  <Details ServiceId="80" MessageId="30" Timestamp="5/10/2019 9:31:21 AM" Debug="false">
    <Text>HmiConvert: Finished conversion step &lt;Siemens.Simatic.Hmi.Device.DeviceManagers.Scan:Siemens.Simatic.Hmi.Utah.Device.Upgrade.DeviceConverter.ConvertHmiDeviceToV15&gt;.</Text>
  </Details>
  <Details ServiceId="80" MessageId="30" Timestamp="5/10/2019 9:31:21 AM" Debug="false">
    <Text>HmiConvert: Starting conversion step &lt;Siemens.Simatic.Hmi.Styles.Managers.Scan:Siemens.Simatic.Hmi.Utah.Styles.HmiStyleConverter.ConvertHmiStyleFromV14ToV15&gt;.</Text>
  </Details>
  <Details ServiceId="80" MessageId="30" Timestamp="5/10/2019 9:31:29 AM" Debug="false">
    <Text>HmiConvert: Finished conversion step &lt;Siemens.Simatic.Hmi.Styles.Managers.Scan:Siemens.Simatic.Hmi.Utah.Styles.HmiStyleConverter.ConvertHmiStyleFromV14ToV15&gt;.</Text>
  </Details>
  <Details ServiceId="80" MessageId="30" Timestamp="5/10/2019 9:31:29 AM" Debug="false">
    <Text>HmiConvert is waiting for external dependency: Siemens.Simatic.Lang.SPLConvert</Text>
  </Details>
  <Details ServiceId="80" MessageId="30" Timestamp="5/10/2019 9:32:25 AM" Debug="false">
    <Text>HmiConvert: Started conversion section.</Text>
  </Details>
  <Details ServiceId="80" MessageId="30" Timestamp="5/10/2019 9:32:25 AM" Debug="false">
    <Text>HmiConvert: Starting conversion step &lt;Siemens.Simatic.Hmi.Tag.Managers.Scan:Siemens.Simatic.Hmi.Utah.Tag.V13AndV14TagsRepairer.RepairV13AndV14Tags&gt;.</Text>
  </Details>
  <Details ServiceId="80" MessageId="30" Timestamp="5/10/2019 9:32:26 AM" Debug="false">
    <Text>HmiConvert: Finished conversion step &lt;Siemens.Simatic.Hmi.Tag.Managers.Scan:Siemens.Simatic.Hmi.Utah.Tag.V13AndV14TagsRepairer.RepairV13AndV14Tags&gt;.</Text>
  </Details>
  <Details ServiceId="80" MessageId="30" Timestamp="5/10/2019 9:32:26 AM" Debug="false">
    <Text>HmiConvert: Starting conversion step &lt;Siemens.Simatic.Hmi.Tag.Managers.Scan:Siemens.Simatic.Hmi.Utah.Tag.AddressTypeSafeConverter.ConvertTypeSafeAddress&gt;.</Text>
  </Details>
  <Details ServiceId="80" MessageId="30" Timestamp="5/10/2019 9:32:28 AM" Debug="false">
    <Text>HmiConvert: Finished conversion step &lt;Siemens.Simatic.Hmi.Tag.Managers.Scan:Siemens.Simatic.Hmi.Utah.Tag.AddressTypeSafeConverter.ConvertTypeSafeAddress&gt;.</Text>
  </Details>
  <Details ServiceId="80" MessageId="30" Timestamp="5/10/2019 9:32:28 AM" Debug="false">
    <Text>HmiConvert: Starting conversion step &lt;Siemens.Simatic.Hmi.Communication.Managers.Scan:Siemens.Simatic.Hmi.Utah.Communication.AddressTypeSafeConverter.ConvertTypeSafeAddress&gt;.</Text>
  </Details>
  <Details ServiceId="80" MessageId="30" Timestamp="5/10/2019 9:32:28 AM" Debug="false">
    <Text>HmiConvert: Finished conversion step &lt;Siemens.Simatic.Hmi.Communication.Managers.Scan:Siemens.Simatic.Hmi.Utah.Communication.AddressTypeSafeConverter.ConvertTypeSafeAddress&gt;.</Text>
  </Details>
  <Details ServiceId="80" MessageId="30" Timestamp="5/10/2019 9:32:28 AM" Debug="false">
    <Text>HmiConvert: Starting conversion step &lt;Siemens.Simatic.Hmi.Communication.Managers.Scan:Siemens.Simatic.Hmi.Utah.Communication.OpcUaConverter.ConvertConnection&gt;.</Text>
  </Details>
  <Details ServiceId="80" MessageId="30" Timestamp="5/10/2019 9:32:28 AM" Debug="false">
    <Text>HmiConvert: Finished conversion step &lt;Siemens.Simatic.Hmi.Communication.Managers.Scan:Siemens.Simatic.Hmi.Utah.Communication.OpcUaConverter.ConvertConnection&gt;.</Text>
  </Details>
  <Details ServiceId="80" MessageId="30" Timestamp="5/10/2019 9:32:28 AM" Debug="false">
    <Text>HmiConvert: Starting conversion step &lt;Siemens.Simatic.Hmi.Globalization.Managers.Scan:Siemens.Simatic.Hmi.Utah.Globalization.NotUsedTextCategoryDeleter.DeleteNotUsedTextCategoriesInLibraryContext&gt;.</Text>
  </Details>
  <Details ServiceId="80" MessageId="30" Timestamp="5/10/2019 9:32:28 AM" Debug="false">
    <Text>HmiConvert: Finished conversion step &lt;Siemens.Simatic.Hmi.Globalization.Managers.Scan:Siemens.Simatic.Hmi.Utah.Globalization.NotUsedTextCategoryDeleter.DeleteNotUsedTextCategoriesInLibraryContext&gt;.</Text>
  </Details>
  <Details ServiceId="80" MessageId="30" Timestamp="5/10/2019 9:32:28 AM" Debug="false">
    <Text>HmiConvert: Starting conversion step &lt;Siemens.Simatic.Hmi.Globalization.Managers.Scan:Siemens.Simatic.Hmi.Utah.Globalization.TrefTextCategoryReplacer.TurnTRefCategoriesIntoRealOnes&gt;.</Text>
  </Details>
  <Details ServiceId="80" MessageId="30" Timestamp="5/10/2019 9:32:28 AM" Debug="false">
    <Text>HmiConvert: Finished conversion step &lt;Siemens.Simatic.Hmi.Globalization.Managers.Scan:Siemens.Simatic.Hmi.Utah.Globalization.TrefTextCategoryReplacer.TurnTRefCategoriesIntoRealOnes&gt;.</Text>
  </Details>
  <Details ServiceId="80" MessageId="30" Timestamp="5/10/2019 9:32:28 AM" Debug="false">
    <Text>HmiConvert: Starting conversion step &lt;Siemens.Simatic.Hmi.Globalization.Managers.Scan:Siemens.Simatic.Hmi.Utah.Globalization.CommentCategoryRepairer.RepairCommentCategoryLinks&gt;.</Text>
  </Details>
  <Details ServiceId="80" MessageId="30" Timestamp="5/10/2019 9:32:28 AM" Debug="false">
    <Text>HmiConvert: Finished conversion step &lt;Siemens.Simatic.Hmi.Globalization.Managers.Scan:Siemens.Simatic.Hmi.Utah.Globalization.CommentCategoryRepairer.RepairCommentCategoryLinks&gt;.</Text>
  </Details>
  <Details ServiceId="80" MessageId="30" Timestamp="5/10/2019 9:32:28 AM" Debug="false">
    <Text>HmiConvert: Starting conversion step &lt;Siemens.Simatic.Hmi.GraphX.GraphXManagers.Scan:Siemens.Simatic.Hmi.Utah.GraphX.PhaseConverter.DeleteTextFromGroups&gt;.</Text>
  </Details>
  <Details ServiceId="80" MessageId="30" Timestamp="5/10/2019 9:32:28 AM" Debug="false">
    <Text>HmiConvert: Finished conversion step &lt;Siemens.Simatic.Hmi.GraphX.GraphXManagers.Scan:Siemens.Simatic.Hmi.Utah.GraphX.PhaseConverter.DeleteTextFromGroups&gt;.</Text>
  </Details>
  <Details ServiceId="80" MessageId="30" Timestamp="5/10/2019 9:32:28 AM" Debug="false">
    <Text>HmiConvert: Starting conversion step &lt;Siemens.Simatic.Hmi.GraphX.GraphXManagers.Scan:Siemens.Simatic.Hmi.Utah.GraphX.PhaseConverter.RepairPointsCollectionOfScreenItems&gt;.</Text>
  </Details>
  <Details ServiceId="80" MessageId="30" Timestamp="5/10/2019 9:32:28 AM" Debug="false">
    <Text>HmiConvert: Finished conversion step &lt;Siemens.Simatic.Hmi.GraphX.GraphXManagers.Scan:Siemens.Simatic.Hmi.Utah.GraphX.PhaseConverter.RepairPointsCollectionOfScreenItems&gt;.</Text>
  </Details>
  <Details ServiceId="80" MessageId="30" Timestamp="5/10/2019 9:32:28 AM" Debug="false">
    <Text>HmiConvert: Starting conversion step &lt;Siemens.Simatic.Hmi.ScreenModules.Managers.Scan:Siemens.Simatic.Hmi.Utah.Modules.ScreenModules.PropertiesConverter.RepairAuthorizationPropertyInModuleDevice&gt;.</Text>
  </Details>
  <Details ServiceId="80" MessageId="30" Timestamp="5/10/2019 9:32:28 AM" Debug="false">
    <Text>HmiConvert: Finished conversion step &lt;Siemens.Simatic.Hmi.ScreenModules.Managers.Scan:Siemens.Simatic.Hmi.Utah.Modules.ScreenModules.PropertiesConverter.RepairAuthorizationPropertyInModuleDevice&gt;.</Text>
  </Details>
  <Details ServiceId="80" MessageId="30" Timestamp="5/10/2019 9:32:28 AM" Debug="false">
    <Text>HmiConvert: Starting conversion step &lt;Siemens.Simatic.Hmi.GraphX.Controls.Managers.Scan:Siemens.Simatic.Hmi.Utah.GraphX.Controls.ProDiagPhaseConverter.AddToolbarButtons&gt;.</Text>
  </Details>
  <Details ServiceId="80" MessageId="30" Timestamp="5/10/2019 9:32:29 AM" Debug="false">
    <Text>HmiConvert: Finished conversion step &lt;Siemens.Simatic.Hmi.GraphX.Controls.Managers.Scan:Siemens.Simatic.Hmi.Utah.GraphX.Controls.ProDiagPhaseConverter.AddToolbarButtons&gt;.</Text>
  </Details>
  <Details ServiceId="80" MessageId="30" Timestamp="5/10/2019 9:32:29 AM" Debug="false">
    <Text>HmiConvert: Starting conversion step &lt;Siemens.Simatic.Hmi.GraphX.Controls.Managers.Scan:Siemens.Simatic.Hmi.Utah.GraphX.Controls.ProDiagPhaseConverter.RepairToolbarButtons&gt;.</Text>
  </Details>
  <Details ServiceId="80" MessageId="30" Timestamp="5/10/2019 9:32:29 AM" Debug="false">
    <Text>HmiConvert: Finished conversion step &lt;Siemens.Simatic.Hmi.GraphX.Controls.Managers.Scan:Siemens.Simatic.Hmi.Utah.GraphX.Controls.ProDiagPhaseConverter.RepairToolbarButtons&gt;.</Text>
  </Details>
  <Details ServiceId="80" MessageId="30" Timestamp="5/10/2019 9:32:29 AM" Debug="false">
    <Text>HmiConvert: Starting conversion step &lt;Siemens.Simatic.Hmi.ScreenModules.Managers.Scan:Siemens.Simatic.Hmi.Utah.Modules.ScreenModules.PhaseConverterWithHmiBl.DeleteOrphanInterfaceConnections&gt;.</Text>
  </Details>
  <Details ServiceId="80" MessageId="30" Timestamp="5/10/2019 9:32:29 AM" Debug="false">
    <Text>HmiConvert: Finished conversion step &lt;Siemens.Simatic.Hmi.ScreenModules.Managers.Scan:Siemens.Simatic.Hmi.Utah.Modules.ScreenModules.PhaseConverterWithHmiBl.DeleteOrphanInterfaceConnections&gt;.</Text>
  </Details>
  <Details ServiceId="80" MessageId="30" Timestamp="5/10/2019 9:32:29 AM" Debug="false">
    <Text>HmiConvert: Finished conversion section.</Text>
  </Details>
  <MessageCell ServiceId="80" MessageId="30" MessageClass="Information" Timestamp="5/10/2019 9:32:32 AM">
    <Number ServiceNumber="80" MessageNumber="30" />
    <Text FeedbackText="Updating new project/library." />
    <Help HelpId="-1" />
  </MessageCell>
  <MessageCell ServiceId="80" MessageId="30" MessageClass="Information" Timestamp="5/10/2019 9:32:32 AM">
    <Number ServiceNumber="80" MessageNumber="30" />
    <Text FeedbackText="The cross-reference information is being converted." />
    <Help HelpId="-1" />
  </MessageCell>
  <MessageCell ServiceId="80" MessageId="30" MessageClass="Information" Timestamp="5/10/2019 9:32:41 AM">
    <Number ServiceNumber="80" MessageNumber="30" />
    <Text FeedbackText="The cross-reference information was created successfully." />
    <Help HelpId="-1" />
  </MessageCell>
  <MessageCell ServiceId="80" MessageId="30" MessageClass="Information" Timestamp="5/10/2019 9:32:41 AM">
    <Number ServiceNumber="80" MessageNumber="30" />
    <Text FeedbackText="Conversion of the cross-reference information is finished." />
    <Help HelpId="-1" />
  </MessageCell>
  <MessageCell ServiceId="80" MessageId="30" MessageClass="Information" Timestamp="5/10/2019 9:32:41 AM">
    <Number ServiceNumber="80" MessageNumber="30" />
    <Text FeedbackText="Cleaning up outdated metadata." />
    <Help HelpId="-1" />
  </MessageCell>
  <Details ServiceId="80" MessageId="30" Timestamp="5/10/2019 9:32:57 AM" Debug="false">
    <Text>Package container 'Siemens.Simatic.Lang.S7BSW.V14.0.1.0.NonMandatory' was deleted</Text>
  </Details>
  <Details ServiceId="80" MessageId="30" Timestamp="5/10/2019 9:32:57 AM" Debug="false">
    <Text>Package container 'HW.GSD.gsdml-v2.2-hms-abc_can_profinet_io-20130902.xml.DEVICE_1.0.0' was deleted</Text>
  </Details>
  <Details ServiceId="80" MessageId="30" Timestamp="5/10/2019 9:32:57 AM" Debug="false">
    <Text>Package container 'Siemens.Simatic.Lang.S7BSW.V14.0.0.0.NonMandatory' was deleted</Text>
  </Details>
  <Details ServiceId="80" MessageId="30" Timestamp="5/10/2019 9:32:57 AM" Debug="false">
    <Text>Package container 'HW.S71200.SM.Analog.AI.MDD_6ES7231-4HD32-0XB0_2.0_14.0.0' was deleted</Text>
  </Details>
  <Details ServiceId="80" MessageId="30" Timestamp="5/10/2019 9:32:57 AM" Debug="false">
    <Text>Package container 'HW.S71200.SM.Digital.DO.MDD_6ES7222-1HH32-0XB0_2.0_14.0.0' was deleted</Text>
  </Details>
  <Details ServiceId="80" MessageId="30" Timestamp="5/10/2019 9:32:57 AM" Debug="false">
    <Text>Package container 'HW.S71200.SM.Digital.DI.MDD_6ES7221-1BH32-0XB0_2.0_14.0.0' was deleted</Text>
  </Details>
  <Details ServiceId="80" MessageId="30" Timestamp="5/10/2019 9:32:57 AM" Debug="false">
    <Text>Package container 'HW.Connections' was deleted</Text>
  </Details>
  <Details ServiceId="80" MessageId="30" Timestamp="5/10/2019 9:32:57 AM" Debug="false">
    <Text>Product version 'Siemens.Simatic.STEP7.Basic:14.00.01.00' was deleted</Text>
  </Details>
  <Details ServiceId="80" MessageId="30" Timestamp="5/10/2019 9:32:57 AM" Debug="false">
    <Text>Product version 'Siemens.Simatic.Portal:14.00.01.00' was deleted</Text>
  </Details>
  <Details ServiceId="80" MessageId="30" Timestamp="5/10/2019 9:32:57 AM" Debug="false">
    <Text>Product version 'HW.GSD.gsdml-v2.2-hms-abc_can_profinet_io-20130902.xml.DEVICE_1.0.0.Product:11.0.0.0.0' was deleted</Text>
  </Details>
  <MessageCell ServiceId="80" MessageId="30" MessageClass="Information" Timestamp="5/10/2019 9:32:57 AM">
    <Number ServiceNumber="80" MessageNumber="30" />
    <Text FeedbackText="Saving the upgraded project/library." />
    <Help HelpId="-1" />
  </MessageCell>
  <MessageCell ServiceId="80" MessageId="30" MessageClass="Information" Timestamp="5/10/2019 9:32:58 AM">
    <Number ServiceNumber="80" MessageNumber="30" />
    <Text FeedbackText="Saving the upgraded project/library." />
    <Help HelpId="-1" />
  </MessageCell>
  <MessageCell ServiceId="Automation-ObjectFrame-Feedbacks" MessageId="ConversionInfoTabProjectSucceeded" MessageClass="Success" Timestamp="5/10/2019 9:32:58 AM">
    <Number ServiceNumber="80" MessageNumber="34" />
    <Text FeedbackText="Project 'C:\Users\AS\Desktop\HUARUI\HuaRun_9mw\System\PEData.plf' was successfully upgraded and saved as project 'C:\Users\AS\Desktop\HUARUI\HuaRun_9mw_V15\System\PEData.plf'." />
    <Help HelpId="-1" HelpFile="" />
  </MessageCell>
</LogFile>