<?xml version="1.0" standalone="no"?>
<?xml-stylesheet type='text/xsl' href='MassDataHandlerLogFile.xsl'?>
<LogFile titleName="TIAProjectTexts_EN_20201007a.xml" projectName="D:\UserData\z0024rfn\Documents\Automation\TIAProjectTexts_EN_20201007a.xlsx" typeText="Type" messageText="Message" timeText="Time">
  <LogEntry type="Information" dateTime="11:31:33 AM">
    <Message>Text import started.</Message>
  </LogEntry>
  <LogEntry type="Warning" dateTime="11:31:36 AM">
    <Message>The text for the object in row 68 with internal ID '3WM0gLOB3ddy5EcdGXRjDWGrtfI5AwjScpBMsRcZdhfNZD/bhC5Z5xCUek+xbUo6clIH5YKf4Mxh0ZF3h1r09PZ7tzBsX152NO2k7A9MnGEe0Uxv3S+wOJVJ5ondSSHss5Szlwlj601pvaNvi6yAqofs5F6DtIhKAlj67/ykKXKmKKfpsXNajqyQc9STkGFV' cannot be processed.</Message>
  </LogEntry>
  <LogEntry type="Warning" dateTime="11:31:36 AM">
    <Message>The text for the object in row 69 with internal ID '3WM0gLOB3ddy5EcdGXRjDWGrtfI5AwjScpBMsRcZdhfNZD/bhC5Z5xCUek+xbUo6clIH5YKf4Mxh0ZF3h1r09PZ7tzBsX152NO2k7A9MnGGlPodKkwSjo595H4ybe+3W7sthSak5ou+lItWeeWSGC4Op4ti13XZPo1KvUnmwdh+1mnzVtzHL86mLkmDCScpb' cannot be processed.</Message>
  </LogEntry>
  <LogEntry type="Warning" dateTime="11:31:43 AM">
    <Message>The text for the object in row 221 with internal ID '3WM0gLOB3ddy5EcdGXRjDWGrtfI5AwjScpBMsRcZdhfNZD/bhC5Z5xCUek+xbUo6clIH5YKf4Mxh0ZF3h1r09PZ7tzBsX152NO2k7A9MnGGSdwSkHD8biGLOnflo0T7Y2mGfRqvqt6a3DyZA4/NvCHxLkw+304BahGJG7sIbPWMMZpUVJes5zZnEdZEOI0Mb' cannot be processed.</Message>
  </LogEntry>
  <LogEntry type="Warning" dateTime="11:31:43 AM">
    <Message>The text for the object in row 245 with internal ID '3WM0gLOB3ddy5EcdGXRjDWGrtfI5AwjScpBMsRcZdhfNZD/bhC5Z5xCUek+xbUo6clIH5YKf4Mxh0ZF3h1r09PZ7tzBsX152NO2k7A9MnGHZa2di1kUkREapfRHruxNzzTN6a1BvZC/0XX4BDORSGk3NvXU5DM/N47SFljGTYDQDyw2bLml8VVwsCM4YdHzo' cannot be processed.</Message>
  </LogEntry>
  <LogEntry type="Warning" dateTime="11:31:44 AM">
    <Message>The text for the object in row 248 with internal ID '3WM0gLOB3ddy5EcdGXRjDWGrtfI5AwjScpBMsRcZdhfNZD/bhC5Z5xCUek+xbUo6clIH5YKf4Mxh0ZF3h1r09PZ7tzBsX152NO2k7A9MnGHuN/5z5j7I/0faghD1qNZC9C2sQQsRmRniM4muGIuwHcpvWPu4YZEjHjeWXGp26/LzXkAiqrWJCYb6onEsAfVf' cannot be processed.</Message>
  </LogEntry>
  <LogEntry type="Warning" dateTime="11:31:44 AM">
    <Message>The text for the object in row 264 with internal ID '3WM0gLOB3ddy5EcdGXRjDWGrtfI5AwjScpBMsRcZdhfNZD/bhC5Z5xCUek+xbUo6clIH5YKf4Mxh0ZF3h1r09PZ7tzBsX152NO2k7A9MnGFdFl650QdRy+qyRcfWouq4ALZ7YGBt1KPkJltNEY4j6IFGeRE+8XXMtDyjhXatqeqUFGAqwP8kfqO4SHOc4Z2h' cannot be processed.</Message>
  </LogEntry>
  <LogEntry type="Warning" dateTime="11:31:44 AM">
    <Message>The text for the object in row 265 with internal ID '3WM0gLOB3ddy5EcdGXRjDWGrtfI5AwjScpBMsRcZdhfNZD/bhC5Z5xCUek+xbUo6clIH5YKf4Mxh0ZF3h1r09PZ7tzBsX152NO2k7A9MnGHPLX+M5m1vkMv8ZvPD9DZgx2VZ99zUK5cY6rDMotfS2Xy1JiBaCFxk6zJBqxbtSl1eTfq4aPmdFypoyaCs5aBw' cannot be processed.</Message>
  </LogEntry>
  <LogEntry type="Warning" dateTime="11:31:44 AM">
    <Message>The text for the object in row 267 with internal ID '3WM0gLOB3ddy5EcdGXRjDWGrtfI5AwjScpBMsRcZdhfNZD/bhC5Z5xCUek+xbUo6clIH5YKf4Mxh0ZF3h1r09PZ7tzBsX152NO2k7A9MnGEy0sNx7pKabBeZTRetSw3D92r/4v/KqU0EjwtGQ4WzN6FYZ5nDnVZD2LqPO8Dv8tu4lp+U9H/fI6i8Crm4wDHC' cannot be processed.</Message>
  </LogEntry>
  <LogEntry type="Warning" dateTime="11:31:46 AM">
    <Message>The text for the object in row 541 with internal ID '3WM0gLOB3ddy5EcdGXRjDWGrtfI5AwjScpBMsRcZdhfNZD/bhC5Z5xCUek+xbUo6clIH5YKf4Mxh0ZF3h1r09PZ7tzBsX152NO2k7A9MnGF9dShUyEM8aK6YolKbj5zgj+kjp4d1AkwJ1XlmvWSImMR2s1oruT1n0p8bZjLR7NgK4zHNmAu4fFTDL4Np0NbL' cannot be processed.</Message>
  </LogEntry>
  <LogEntry type="Warning" dateTime="11:31:46 AM">
    <Message>The text for the object in row 542 with internal ID '3WM0gLOB3ddy5EcdGXRjDWGrtfI5AwjScpBMsRcZdhfNZD/bhC5Z5xCUek+xbUo6clIH5YKf4Mxh0ZF3h1r09PZ7tzBsX152NO2k7A9MnGFBrVZpqgtCusXmnxeXufnaQWPqeG+Tq9dNuXavIzCogwINJz+yqdOYO0zaEuRqXeg2wY9uvgrz76/jfQPRfnR+' cannot be processed.</Message>
  </LogEntry>
  <LogEntry type="Warning" dateTime="11:31:46 AM">
    <Message>The text for the object in row 545 with internal ID '3WM0gLOB3ddy5EcdGXRjDWGrtfI5AwjScpBMsRcZdhfNZD/bhC5Z5xCUek+xbUo6clIH5YKf4Mxh0ZF3h1r09PZ7tzBsX152NO2k7A9MnGHU++zq+5kZv9szFv6B62quUFnkEvfg62TqTbeQUK1MRfqCDBeIruQjVVFA8V/Wn7iue2zbMJ0Ai9rSzsvvSVaA' cannot be processed.</Message>
  </LogEntry>
  <LogEntry type="Warning" dateTime="11:31:46 AM">
    <Message>The text for the object in row 546 with internal ID '3WM0gLOB3ddy5EcdGXRjDWGrtfI5AwjScpBMsRcZdhfNZD/bhC5Z5xCUek+xbUo6clIH5YKf4Mxh0ZF3h1r09PZ7tzBsX152NO2k7A9MnGHwPpKqQmrfm5M+QkaUyFPzcsOMup8w7tBwm5qzzkrLqVd+fxBjk8y6foJEv8B9HSNWvt2zlO/Hm38oaBKlP3c6' cannot be processed.</Message>
  </LogEntry>
  <LogEntry type="Warning" dateTime="11:31:46 AM">
    <Message>The text for the object in row 547 with internal ID '3WM0gLOB3ddy5EcdGXRjDWGrtfI5AwjScpBMsRcZdhfNZD/bhC5Z5xCUek+xbUo6clIH5YKf4Mxh0ZF3h1r09PZ7tzBsX152NO2k7A9MnGEw0OhWyP5/VxDlbCYhim1KPe9+sRhWeIx7ioVNV1G+yFa+qlX+duNWLDSSxunMDRcACn9aDCzyyG9RvAGwKWGA' cannot be processed.</Message>
  </LogEntry>
  <LogEntry type="Warning" dateTime="11:31:47 AM">
    <Message>The text for the object in row 559 with internal ID '3WM0gLOB3ddy5EcdGXRjDWGrtfI5AwjScpBMsRcZdhfNZD/bhC5Z5xCUek+xbUo6clIH5YKf4Mxh0ZF3h1r09PZ7tzBsX152NO2k7A9MnGEjhxTkvrLheYbekQoeswI2ute58hrAi3ZxupcrOLXCZkgY/AM10kqSP3yRuir5y9eRAvNznFw+krH5uQW6GOBq' cannot be processed.</Message>
  </LogEntry>
  <LogEntry type="Warning" dateTime="11:31:47 AM">
    <Message>The text for the object in row 563 with internal ID '3WM0gLOB3ddy5EcdGXRjDWGrtfI5AwjScpBMsRcZdhfNZD/bhC5Z5xCUek+xbUo6clIH5YKf4Mxh0ZF3h1r09PZ7tzBsX152NO2k7A9MnGHqv+fSrBIMfVwtltBV3pZwxp+zJTbO0cGyXusmOqAniKod84iHFA0GXFzB+FA9+DQlhyGCYBMOH/5xQ9d85gZ9' cannot be processed.</Message>
  </LogEntry>
  <LogEntry type="Warning" dateTime="11:31:47 AM">
    <Message>The text for the object in row 579 with internal ID '3WM0gLOB3ddy5EcdGXRjDWGrtfI5AwjScpBMsRcZdhfNZD/bhC5Z5xCUek+xbUo6clIH5YKf4Mxh0ZF3h1r09PZ7tzBsX152NO2k7A9MnGHug0K+uh1bRoU333bwMN+hydgpqwYUfbloA0jaumWC5k3OceotoT1d2CH4+uSoD/irw2+JMOf1pFbQeA6g6MV8' cannot be processed.</Message>
  </LogEntry>
  <LogEntry type="Warning" dateTime="11:31:47 AM">
    <Message>The text for the object in row 587 with internal ID '3WM0gLOB3ddy5EcdGXRjDWGrtfI5AwjScpBMsRcZdhfNZD/bhC5Z5xCUek+xbUo6clIH5YKf4Mxh0ZF3h1r09PZ7tzBsX152NO2k7A9MnGEVGsgwShy89Jn3Od3+bf3FHhkJJV6astr3mPawSO1Op1ZUnxfNalPGQ1pN1UX+0836I9ZAC4JoAccacQWKq3Ll' cannot be processed.</Message>
  </LogEntry>
  <LogEntry type="Warning" dateTime="11:31:47 AM">
    <Message>The text for the object in row 588 with internal ID '3WM0gLOB3ddy5EcdGXRjDWGrtfI5AwjScpBMsRcZdhfNZD/bhC5Z5xCUek+xbUo6clIH5YKf4Mxh0ZF3h1r09PZ7tzBsX152NO2k7A9MnGFPlgpHDeny2uENrcGjMZF7IC7FduCw74nnFIUtFSWZc5rjpzSjORgUh2KJpNedgHya5LLenKM4v5hVSpR/P7pd' cannot be processed.</Message>
  </LogEntry>
  <LogEntry type="Warning" dateTime="11:31:49 AM">
    <Message>The text for the object in row 629 with internal ID '3WM0gLOB3ddy5EcdGXRjDWGrtfI5AwjScpBMsRcZdhfNZD/bhC5Z5xCUek+xbUo6clIH5YKf4Mxh0ZF3h1r09PZ7tzBsX152NO2k7A9MnGGKw3mHheFfg0byEZMQacVjZcQEnKZiPwLglEYFMWbqnjOgq+RXjbTzboUiYFpMfTWitq1X/dOdqSzn++iJeGwN' cannot be processed.</Message>
  </LogEntry>
  <LogEntry type="Warning" dateTime="11:31:49 AM">
    <Message>The text for the object in row 631 with internal ID '3WM0gLOB3ddy5EcdGXRjDWGrtfI5AwjScpBMsRcZdhfNZD/bhC5Z5xCUek+xbUo6clIH5YKf4Mxh0ZF3h1r09PZ7tzBsX152NO2k7A9MnGFlQnb3yTrCBVL7Qcq3J5PAfEt2GmCkr4ihuOh1Wlxh+qyxTsFuhvcFH6xMr4dw4kah1b51GMWBsSzWJsmsVXO6' cannot be processed.</Message>
  </LogEntry>
  <LogEntry type="Warning" dateTime="11:31:49 AM">
    <Message>The text for the object in row 637 with internal ID '3WM0gLOB3ddy5EcdGXRjDWGrtfI5AwjScpBMsRcZdhfNZD/bhC5Z5xCUek+xbUo6clIH5YKf4Mxh0ZF3h1r09PZ7tzBsX152NO2k7A9MnGHCRrFGu+XH5TUGUCowXOEozUoYfA1FO8d1o33POU0iUYb886BdJtsCI/dqa2rVUy2Hrn7JGaUwVRB/BH4kiyRo' cannot be processed.</Message>
  </LogEntry>
  <LogEntry type="Warning" dateTime="11:31:50 AM">
    <Message>The text for the object in row 642 with internal ID '3WM0gLOB3ddy5EcdGXRjDWGrtfI5AwjScpBMsRcZdhfNZD/bhC5Z5xCUek+xbUo6clIH5YKf4Mxh0ZF3h1r09PZ7tzBsX152NO2k7A9MnGHqkBtOBRgQLXIdIhLUjr5ytzeWqTYI9o6nvNtzdhZ7obiNoCH+AdKENVM2Bpqzwn3PMmCr3eDRea73RVL4NcjF' cannot be processed.</Message>
  </LogEntry>
  <LogEntry type="Warning" dateTime="11:31:50 AM">
    <Message>The text for the object in row 643 with internal ID '3WM0gLOB3ddy5EcdGXRjDWGrtfI5AwjScpBMsRcZdhfNZD/bhC5Z5xCUek+xbUo6clIH5YKf4Mxh0ZF3h1r09PZ7tzBsX152NO2k7A9MnGGoPWXMHwCzcTUjj3hQqWM2AYyiZG1a5iCkQd2V5PQw3h8jBwQNvypEao4mIGKrID9gEa01YaT9cIrL038teYec' cannot be processed.</Message>
  </LogEntry>
  <LogEntry type="Warning" dateTime="11:31:50 AM">
    <Message>The text for the object in row 645 with internal ID '3WM0gLOB3ddy5EcdGXRjDWGrtfI5AwjScpBMsRcZdhfNZD/bhC5Z5xCUek+xbUo6clIH5YKf4Mxh0ZF3h1r09PZ7tzBsX152NO2k7A9MnGFgeADFMysPHZAYVh1weQ4Wr2Yuu4o5BOFMFSqbQUbMNKOMP5YIGtBU3IoQmUE0ABSaj8fe/4PNDYIL/37XM+7z' cannot be processed.</Message>
  </LogEntry>
  <LogEntry type="Warning" dateTime="11:31:52 AM">
    <Message>The text for the object in row 732 with internal ID '3WM0gLOB3ddy5EcdGXRjDWGrtfI5AwjScpBMsRcZdhfNZD/bhC5Z5xCUek+xbUo6clIH5YKf4Mxh0ZF3h1r09PZ7tzBsX152NO2k7A9MnGF/pkaagfIKw+HFVg+kx/eBagDEn1oFF9MUojBx9wyeBhVEySPvn13VYSankfYV4xakPRPhscYdGqnTnlYTQa1/' cannot be processed.</Message>
  </LogEntry>
  <LogEntry type="Warning" dateTime="11:31:53 AM">
    <Message>The text for the object in row 760 with internal ID '3WM0gLOB3ddy5EcdGXRjDWGrtfI5AwjScpBMsRcZdhfNZD/bhC5Z5xCUek+xbUo6clIH5YKf4Mxh0ZF3h1r09PZ7tzBsX152NO2k7A9MnGGe+vUX1TXSqMAHWHHkh1pxSaQh3WFL6AKNBfcSEVvq+cvExaopuBJNXEiKP14VAiG0Nnjcpq7bhpFT7v5gpgpf' cannot be processed.</Message>
  </LogEntry>
  <LogEntry type="Warning" dateTime="11:31:53 AM">
    <Message>The text for the object in row 767 with internal ID '3WM0gLOB3ddy5EcdGXRjDWGrtfI5AwjScpBMsRcZdhfNZD/bhC5Z5xCUek+xbUo6clIH5YKf4Mxh0ZF3h1r09PZ7tzBsX152NO2k7A9MnGEfEaVSbByN2P6gOSXY4TId7ylQRNfhTm9MWvqHY654SowC75rbuxjqgsohoVcnsEtXRBFDXAnXW9yPuKXRgthE' cannot be processed.</Message>
  </LogEntry>
  <LogEntry type="Warning" dateTime="11:31:53 AM">
    <Message>The text for the object in row 768 with internal ID '3WM0gLOB3ddy5EcdGXRjDWGrtfI5AwjScpBMsRcZdhfNZD/bhC5Z5xCUek+xbUo6clIH5YKf4Mxh0ZF3h1r09PZ7tzBsX152NO2k7A9MnGHe1bB8MlXtmhS4kIUSHZCTx46vW2uiPkW8vSX/Jr1j8lKZUnzO1N/BIPoX9Z9do6H847qFtGRtJHq6YrHo2e0N' cannot be processed.</Message>
  </LogEntry>
  <LogEntry type="Warning" dateTime="11:31:53 AM">
    <Message>The text for the object in row 769 with internal ID '3WM0gLOB3ddy5EcdGXRjDWGrtfI5AwjScpBMsRcZdhfNZD/bhC5Z5xCUek+xbUo6clIH5YKf4Mxh0ZF3h1r09PZ7tzBsX152NO2k7A9MnGFDEes+wxPBShFXMN3Kzi9bhuSacOdmC7I7z3amUyDdPsTGkI5T2QxJOP/qHcPMtyttMPKq6+i+OFQ0MXWecmaL' cannot be processed.</Message>
  </LogEntry>
  <LogEntry type="Warning" dateTime="11:31:53 AM">
    <Message>The text for the object in row 770 with internal ID '3WM0gLOB3ddy5EcdGXRjDWGrtfI5AwjScpBMsRcZdhfNZD/bhC5Z5xCUek+xbUo6clIH5YKf4Mxh0ZF3h1r09PZ7tzBsX152NO2k7A9MnGFadr5X5VJz/XRpmZZBpBEznIu8KloC9LKLZ6KlU97lylzVN2Xd9rPRdUYyAERhpPS1ZLw7AGNQlUlYeZFmq/mu' cannot be processed.</Message>
  </LogEntry>
  <LogEntry type="Warning" dateTime="11:31:53 AM">
    <Message>The text for the object in row 771 with internal ID '3WM0gLOB3ddy5EcdGXRjDWGrtfI5AwjScpBMsRcZdhfNZD/bhC5Z5xCUek+xbUo6clIH5YKf4Mxh0ZF3h1r09PZ7tzBsX152NO2k7A9MnGFfiBK9ObUbTcsguzSZX88jkVhbgtHaOgtoPD1TqQo3RsVmOWVyDQllkZTcCxJZUr4JXhs834DwmvAs/Tb9kosy' cannot be processed.</Message>
  </LogEntry>
  <LogEntry type="Warning" dateTime="11:31:53 AM">
    <Message>The text for the object in row 772 with internal ID '3WM0gLOB3ddy5EcdGXRjDWGrtfI5AwjScpBMsRcZdhfNZD/bhC5Z5xCUek+xbUo6clIH5YKf4Mxh0ZF3h1r09PZ7tzBsX152NO2k7A9MnGFtJUIA3sz/1RWsUj01gzf9L1iVCFU6U0D1b5Z75BzeutlwJs5wXnK4Jl61y3joSNjLfV72oPL3fRY2COtDHqFs' cannot be processed.</Message>
  </LogEntry>
  <LogEntry type="Warning" dateTime="11:31:53 AM">
    <Message>The text for the object in row 773 with internal ID '3WM0gLOB3ddy5EcdGXRjDWGrtfI5AwjScpBMsRcZdhfNZD/bhC5Z5xCUek+xbUo6clIH5YKf4Mxh0ZF3h1r09PZ7tzBsX152NO2k7A9MnGGnXxvZOm3c9ua+2tJbUlT7goet9+zUme3hYe1uQJhm+Qtd4+1CY5IE7Jy30eR0WZJirhoFd5E9K/N8biR+yPRm' cannot be processed.</Message>
  </LogEntry>
  <LogEntry type="Warning" dateTime="11:31:53 AM">
    <Message>The text for the object in row 774 with internal ID '3WM0gLOB3ddy5EcdGXRjDWGrtfI5AwjScpBMsRcZdhfNZD/bhC5Z5xCUek+xbUo6clIH5YKf4Mxh0ZF3h1r09PZ7tzBsX152NO2k7A9MnGFw8zx1oV+bEMX+ZeZr5O61+sSLi8B/2s60S0G9zWN1MBXqtghIHN/Q1BPP60qg51wlk0P2vK6Vot+nIqnCx8T9' cannot be processed.</Message>
  </LogEntry>
  <LogEntry type="Warning" dateTime="11:31:53 AM">
    <Message>The text for the object in row 775 with internal ID '3WM0gLOB3ddy5EcdGXRjDWGrtfI5AwjScpBMsRcZdhfNZD/bhC5Z5xCUek+xbUo6clIH5YKf4Mxh0ZF3h1r09PZ7tzBsX152NO2k7A9MnGEC8Y2xjOC0gsSBgG1Xl79Bxf09qOChVWug5XNnN70pN+aHVQ1/mIqrwo0qw6t9xXUCrgyqFQzetNG+gd6WAFYO' cannot be processed.</Message>
  </LogEntry>
  <LogEntry type="Warning" dateTime="11:31:53 AM">
    <Message>The text for the object in row 794 with internal ID '3WM0gLOB3ddy5EcdGXRjDWGrtfI5AwjScpBMsRcZdhfNZD/bhC5Z5xCUek+xbUo6clIH5YKf4Mxh0ZF3h1r09PZ7tzBsX152NO2k7A9MnGEyoSsrrzixKMCY9Z2UNgmd3LRxvXaA//lcZHm4TmEPUOvZhe6kLQuX9o0mlP/ykXuHiV2YTqnoYIBkiaDYk04e' cannot be processed.</Message>
  </LogEntry>
  <LogEntry type="Warning" dateTime="11:31:53 AM">
    <Message>The text for the object in row 795 with internal ID '3WM0gLOB3ddy5EcdGXRjDWGrtfI5AwjScpBMsRcZdhfNZD/bhC5Z5xCUek+xbUo6clIH5YKf4Mxh0ZF3h1r09PZ7tzBsX152NO2k7A9MnGFJ+F+bKEZba9J8/rNdcC0C7LYZ+rVMf5VoOeUqqfBZeH5WEpRdf33+6AUyG7e9CKBdeaOmD4Q8ZaZUIyI6lhsE' cannot be processed.</Message>
  </LogEntry>
  <LogEntry type="Warning" dateTime="11:31:53 AM">
    <Message>The text for the object in row 797 with internal ID '3WM0gLOB3ddy5EcdGXRjDWGrtfI5AwjScpBMsRcZdhfNZD/bhC5Z5xCUek+xbUo6clIH5YKf4Mxh0ZF3h1r09PZ7tzBsX152NO2k7A9MnGFWPQJgODWm9j7SIBKNUogvYNTZNttNTlxFHa0Ti6EIZC7AM/drS7+IZWRJBIw3c1+h6h1R+LdCqzuzGpQq56fN' cannot be processed.</Message>
  </LogEntry>
  <LogEntry type="Warning" dateTime="11:31:54 AM">
    <Message>The text for the object in row 810 with internal ID '3WM0gLOB3ddy5EcdGXRjDWGrtfI5AwjScpBMsRcZdhfNZD/bhC5Z5xCUek+xbUo6clIH5YKf4Mxh0ZF3h1r09PZ7tzBsX152NO2k7A9MnGEFO313fG1GG7J8qw/JBBzDK+fhgOBquIzF8MTsp9C8O5cJTmIxHZohkungRJhzoS8ghyW6fEi8D0y8dkWnCdst' cannot be processed.</Message>
  </LogEntry>
  <LogEntry type="Warning" dateTime="11:31:54 AM">
    <Message>The text for the object in row 811 with internal ID '3WM0gLOB3ddy5EcdGXRjDWGrtfI5AwjScpBMsRcZdhfNZD/bhC5Z5xCUek+xbUo6clIH5YKf4Mxh0ZF3h1r09PZ7tzBsX152NO2k7A9MnGEA5AWnbHQxHk544SCwXJVxPegc70kyIU5PyVmzvcBgcB3eWeOL0SO0lKraECx3G0wsKvfZ2ar3qXdy45bfJs3J' cannot be processed.</Message>
  </LogEntry>
  <LogEntry type="Warning" dateTime="11:31:54 AM">
    <Message>The text for the object in row 812 with internal ID '3WM0gLOB3ddy5EcdGXRjDWGrtfI5AwjScpBMsRcZdhfNZD/bhC5Z5xCUek+xbUo6clIH5YKf4Mxh0ZF3h1r09PZ7tzBsX152NO2k7A9MnGGUwK2IpjNPQMR34b3iwCpK2kp1T5XsyItQCnALcfsInWLmxVR3rwnxV5N1zQX/Rgj2k3wLYT0F1iz7weWV8Lqe' cannot be processed.</Message>
  </LogEntry>
  <LogEntry type="Warning" dateTime="11:31:54 AM">
    <Message>The text for the object in row 830 with internal ID '3WM0gLOB3ddy5EcdGXRjDWGrtfI5AwjScpBMsRcZdhfNZD/bhC5Z5xCUek+xbUo6clIH5YKf4Mxh0ZF3h1r09PZ7tzBsX152NO2k7A9MnGEJJEMXiq26txxZaN+OAfL8NWvoxtApyFYWOyvtyFjepai0ObcZRqehj4NrKeVdv2C5sa1qoLFUUWF/vf7wnfo2' cannot be processed.</Message>
  </LogEntry>
  <LogEntry type="Warning" dateTime="11:31:55 AM">
    <Message>Text import completed with warnings.</Message>
  </LogEntry>
</LogFile>