<OnlineDevices>
  <OnlineDevice VendorID="2A" DeviceID="501" TypeID="2A0501" DeviceType="SINAMICS S">
    <DeviceRole>Device</DeviceRole>
    <NameOfStation>alm1</NameOfStation>
    <MacAddress>E8-EF-22-24-3A-E0</MacAddress>
    <IPAddress>192.168.10.11</IPAddress>
  </OnlineDevice>
  <OnlineDevice VendorID="2A" DeviceID="501" TypeID="2A0501" DeviceType="SINAMICS S">
    <DeviceRole>Device</DeviceRole>
    <NameOfStation>alm2</NameOfStation>
    <MacAddress>E8-EF-22-24-3B-36</MacAddress>
    <IPAddress>192.168.10.12</IPAddress>
  </OnlineDevice>
</OnlineDevices>